id,first_name,last_name,birthday,street_address,postal_code,city,email,phone_number,password
rgpp0wkpec,Max,Mustermann,1/1/1990,Oberseestrasse 10,8640,Rapperswil,admin@example.com,055 222 4111,1password
ce4btlyluu,Robbie,Davenhall,8/12/1961,1 Dunning Trail,5630,Muri,rdavenhall0@example.com,055 222 4111,XNEZSl9LkM
ctkdzorjl0,Rahel,Piletic,1/18/1968,108 Dapin Street,5630,Muri,rpiletic1@example.com,055 222 4111,Qpk7IfAzx
5xvivyzxvc,Cullin,Manske,9/15/1980,8 Drewry Trail,6300,Zug,cmanske2@example.com,055 222 4111,kov2eu
btpchn7eg8,Carmen,Cashmore,3/19/1958,67 Corry Junction,3001,Bern,ccashmore3@example.com,055 222 4111,r7YWaL
k40m01nlni,Royce,Gornar,9/3/1955,8357 Fieldstone Court,1000,Lausanne,rgornar4@example.com,055 222 4111,d9DGIuUTb5j
vkeravwpfq,Reynold,Kilmurry,8/10/1973,6 5th Crossing,1950,Sion,rkilmurry5@example.com,055 222 4111,4DGwvKEh3
r7szqerl7c,Vale,Hodgin,8/3/1981,15 Briar Crest Center,3001,Bern,vhodgin6@example.com,055 222 4111,iOlR0kRC0
zbej74yalh,Rhianna,Rutt,7/8/1965,4066 Emmet Avenue,4001,Basel,rrutt7@example.com,055 222 4111,irmK9i2DG
gktlipwhjr,Gaspard,Sodeau,11/12/1989,45 John Wall Lane,9000,St. Gallen,gsodeau8@example.com,055 222 4111,EPnvOQiX
b4dp7e7yfw,Jania,Bussey,4/24/1952,0 Westport Road,9000,St. Gallen,jbussey9@example.com,055 222 4111,VWAyk1Gshuo
bunlo9vk5f,Ado,Kinnett,6/14/1975,2 Autumn Leaf Lane,6500,Bellinzona,akinnetta@example.com,055 222 4111,P5bZtrbzxsm6
bd91pwfepl,Bel,Pifford,2/2/1964,4 Sherman Parkway,1201,Genf,bpiffordb@example.com,055 222 4111,9ycfo3
nuahvaipc3,Rozella,Sperrett,9/23/1986,90744 Commercial Place,6500,Bellinzona,rsperrettc@example.com,055 222 4111,7edkJg4
hfu6bhntxy,Stefa,Bryns,6/10/1966,75554 Jenifer Plaza,6500,Bellinzona,sbrynsd@example.com,055 222 4111,x5V5JF9ktkl
x0e1jrsmqj,Mill,Keene,3/27/1986,34 Marcy Circle,6300,Zug,mkeenee@example.com,055 222 4111,ORrjgbTfkr
rebdga5wat,Eddi,Fenny,12/9/1980,54 North Hill,6300,Zug,efennyf@example.com,055 222 4111,cOCjLMg8
qhfmvaz7xx,Lea,Couvert,11/8/1957,01890 Saint Paul Trail,6300,Zug,lcouvertg@example.com,055 222 4111,H93dHja
mzdtrgboyc,Vivienne,Langdon,11/28/1965,7 Morrow Terrace,8640,Rapperswil,vlangdonh@example.com,055 222 4111,aXZ1eWGjriUR
xjsbarfmso,Monro,Keaton,4/23/1989,4013 Columbus Road,5643,Sins,mkeatoni@example.com,055 222 4111,ow4SEBu
2dumngurs1,Cly,Muino,8/11/1972,334 Vidon Trail,1950,Sion,cmuinoj@example.com,055 222 4111,w0lkg9av0yfA
t6a0byr0oq,Falito,Ivasechko,5/11/1979,92605 Village Alley,1950,Sion,fivasechkok@example.com,055 222 4111,YPpypoKC
fmlpx3zwxh,Davita,Compfort,1/19/1963,444 Veith Pass,8640,Rapperswil,dcompfortl@example.com,055 222 4111,B92sN0
efo5xb5rkc,Hildagard,Slopier,12/16/1973,05504 Bayside Point,1000,Lausanne,hslopierm@example.com,055 222 4111,7gCJ9wTu
tfpi0irc7m,Gerta,Satchel,12/16/1983,5349 Arkansas Park,6003,Luzern,gsatcheln@example.com,055 222 4111,g5P66I
sritx4jiix,Lacey,McConway,1/28/1951,6 Waubesa Alley,6003,Luzern,lmcconwayo@example.com,055 222 4111,nCpRF0RMHk
xzwbqgap18,Delora,Broadwell,1/3/1971,80388 Bellgrove Alley,8640,Rapperswil,dbroadwellp@example.com,055 222 4111,sn0RnZKz
jdxwd9glrm,Elsie,Phetteplace,4/9/1962,8 Dottie Road,6003,Luzern,ephetteplaceq@example.com,055 222 4111,CKRmEE
zkmefluuqz,Reg,Sture,12/26/1985,0 Mallard Pass,1000,Lausanne,rsturer@example.com,055 222 4111,gC7O4Sm
z4ldskig8x,Renato,Postins,12/28/1980,4 Hagan Drive,1000,Lausanne,rpostinss@example.com,055 222 4111,C6To9rqQTrOY
qpa66qpilt,Devlin,Daly,1/31/1978,1 Eagle Crest Terrace,4001,Basel,ddalyt@example.com,055 222 4111,acILpuGYI
jr7oyiplwx,Woodie,Vereker,7/5/1970,601 Meadow Valley Plaza,4001,Basel,wverekeru@example.com,055 222 4111,rx2bNT
2m03a1fiqi,Melba,Fenwick,1/18/1976,6350 Transport Junction,9000,St. Gallen,mfenwickv@example.com,055 222 4111,zDWJXx
livwwx9bls,Fernande,Levicount,9/12/1957,45267 Express Alley,9000,St. Gallen,flevicountw@example.com,055 222 4111,TpZAFrV0b03F
3xychxxox7,Garry,Fleote,8/9/1989,23 Prairie Rose Pass,1201,Genf,gfleotex@example.com,055 222 4111,H0ZN7xBf
hbld0eil9g,Jamaal,Sacher,2/27/1979,13852 Anhalt Pass,2540,Grenchen,jsachery@example.com,055 222 4111,i0ARnNlG8
p3t4p1myih,Marie-ann,Hudleston,7/27/1950,8 Nelson Trail,4001,Basel,mhudlestonz@example.com,055 222 4111,LJJpyASfz1fH
en2fzxutxm,Dietrich,Cordes,9/23/1951,62 Huxley Center,6003,Luzern,dcordes10@example.com,055 222 4111,DckIwsi
vxhq4zzcqo,Carny,Vezey,12/23/1980,1 Warrior Circle,9000,St. Gallen,cvezey11@example.com,055 222 4111,tSCRBixue
qphisks5pm,Eugenius,Mollitt,1/26/1985,80852 Pankratz Alley,1201,Genf,emollitt12@example.com,055 222 4111,lmAq6IwHCZ
o8bajlqbof,Flinn,Waleran,11/6/1966,6 Porter Circle,2540,Grenchen,fwaleran13@example.com,055 222 4111,dYpPLlsV
f2m0v9b73c,Blondy,Langman,3/12/1969,5763 Delladonna Trail,2540,Grenchen,blangman14@example.com,055 222 4111,xoBtZHE2wTa
rvxsprzodg,Vallie,Estoile,5/24/1975,9 John Wall Park,1201,Genf,vestoile15@example.com,055 222 4111,xTJiiqJj
esiztkv5au,Ferrell,St. Queintain,10/19/1954,89 Moose Way,6500,Bellinzona,fstqueintain16@example.com,055 222 4111,jEChvLajl
wz7pfu2leo,Kyla,Domanek,12/7/1972,8927 Dawn Street,9000,St. Gallen,kdomanek17@example.com,055 222 4111,WflQFgPw0
s9lfohy8dc,Carry,Phillcock,10/14/1970,3 Waywood Place,4001,Basel,cphillcock18@example.com,055 222 4111,Foo5qCNMVjdm
xuwv92riwf,Fionna,Blaszczynski,3/12/1978,3515 Butterfield Junction,4001,Basel,fblaszczynski19@example.com,055 222 4111,Te3Gtyhn
vxg3yspurg,Siegfried,Ducker,7/3/1987,45 Brentwood Crossing,1950,Sion,sducker1a@example.com,055 222 4111,AmYfakwHzREY
hhcb3l66qy,Dorree,Izen,9/9/1964,32 Pawling Place,1000,Lausanne,dizen1b@example.com,055 222 4111,hGurQHKK
um1jfdj4rn,Flore,Manlow,8/13/1975,0101 Melrose Court,5643,Sins,fmanlow1c@example.com,055 222 4111,p2fwwlcvBC
